INSERT INTO governorate (id, name, created_at, updated_at)
VALUES (1, 'القاهرة', NOW(), NOW()),
       (2, 'الجيزة', NOW(), NOW()),
       (3, 'الأسكندرية', NOW(), NOW()),
       (4, 'الدقهلية', NOW(), NOW()),
       (5, 'البحر الأحمر', NOW(), NOW()),
       (6, 'البحيرة', NOW(), NOW()),
       (7, 'الفيوم', NOW(), NOW()),
       (8, 'الغربية', NOW(), NOW()),
       (9, 'الإسماعلية', NOW(), NOW()),
       (10, 'المنوفية', NOW(), NOW()),
       (11, 'المنيا', NOW(), NOW()),
       (12, 'القليوبية', NOW(), NOW()),
       (13, 'الوادي الجديد', NOW(), NOW()),
       (14, 'السويس', NOW(), NOW()),
       (15, 'اسوان', NOW(), NOW()),
       (16, 'اسيوط', NOW(), NOW()),
       (17, 'بني سويف', NOW(), NOW()),
       (18, 'بورسعيد', NOW(), NOW()),
       (19, 'دمياط', NOW(), NOW()),
       (20, 'الشرقية', NOW(), NOW()),
       (21, 'جنوب سيناء', NOW(), NOW()),
       (22, 'كفر الشيخ', NOW(), NOW()),
       (23, 'مطروح', NOW(), NOW()),
       (24, 'الأقصر', NOW(), NOW()),
       (25, 'قنا', NOW(), NOW()),
       (26, 'شمال سيناء', NOW(), NOW()),
       (27, 'سوهاج', NOW(), NOW());

INSERT INTO city (governorate_id, name, created_at, updated_at)
VALUES (1, '15 مايو', NOW(), NOW()),
       (1, 'الازبكية', NOW(), NOW()),
       (1, 'البساتين', NOW(), NOW()),
       (1, 'التبين', NOW(), NOW()),
       (1, 'الخليفة', NOW(), NOW()),
       (1, 'الدراسة', NOW(), NOW()),
       (1, 'الدرب الاحمر', NOW(), NOW()),
       (1, 'الزاوية الحمراء', NOW(), NOW()),
       (1, 'الزيتون', NOW(), NOW()),
       (1, 'الساحل', NOW(), NOW()),
       (1, 'السلام', NOW(), NOW()),
       (1, 'السيدة زينب', NOW(), NOW()),
       (1, 'الشرابية', NOW(), NOW()),
       (1, 'مدينة الشروق', NOW(), NOW()),
       (1, 'الظاهر', NOW(), NOW()),
       (1, 'العتبة', NOW(), NOW()),
       (1, 'القاهرة الجديدة', NOW(), NOW()),
       (1, 'المرج', NOW(), NOW()),
       (1, 'عزبة النخل', NOW(), NOW()),
       (1, 'المطرية', NOW(), NOW()),
       (1, 'المعادى', NOW(), NOW()),
       (1, 'المعصرة', NOW(), NOW()),
       (1, 'المقطم', NOW(), NOW()),
       (1, 'المنيل', NOW(), NOW()),
       (1, 'الموسكى', NOW(), NOW()),
       (1, 'النزهة', NOW(), NOW()),
       (1, 'الوايلى', NOW(), NOW()),
       (1, 'باب الشعرية', NOW(), NOW()),
       (1, 'بولاق', NOW(), NOW()),
       (1, 'جاردن سيتى', NOW(), NOW()),
       (1, 'حدائق القبة', NOW(), NOW()),
       (1, 'حلوان', NOW(), NOW()),
       (1, 'دار السلام', NOW(), NOW()),
       (1, 'شبرا', NOW(), NOW()),
       (1, 'طره', NOW(), NOW()),
       (1, 'عابدين', NOW(), NOW()),
       (1, 'عباسية', NOW(), NOW()),
       (1, 'عين شمس', NOW(), NOW()),
       (1, 'مدينة نصر', NOW(), NOW()),
       (1, 'مصر الجديدة', NOW(), NOW()),
       (1, 'مصر القديمة', NOW(), NOW()),
       (1, 'منشية ناصر', NOW(), NOW()),
       (1, 'مدينة بدر', NOW(), NOW()),
       (1, 'مدينة العبور', NOW(), NOW()),
       (1, 'وسط البلد', NOW(), NOW()),
       (1, 'الزمالك', NOW(), NOW()),
       (1, 'قصر النيل', NOW(), NOW()),
       (1, 'الرحاب', NOW(), NOW()),
       (1, 'القطامية', NOW(), NOW()),
       (1, 'مدينتي', NOW(), NOW()),
       (1, 'روض الفرج', NOW(), NOW()),
       (1, 'شيراتون', NOW(), NOW()),
       (1, 'الجمالية', NOW(), NOW()),
       (1, 'العاشر من رمضان', NOW(), NOW()),
       (1, 'الحلمية', NOW(), NOW()),
       (1, 'النزهة الجديدة', NOW(), NOW()),
       (1, 'العاصمة الإدارية', NOW(), NOW()),
       (2, 'الجيزة', NOW(), NOW()),
       (2, 'السادس من أكتوبر', NOW(), NOW()),
       (2, 'الشيخ زايد', NOW(), NOW()),
       (2, 'الحوامدية', NOW(), NOW()),
       (2, 'البدرشين', NOW(), NOW()),
       (2, 'الصف', NOW(), NOW()),
       (2, 'أطفيح', NOW(), NOW()),
       (2, 'العياط', NOW(), NOW()),
       (2, 'الباويطي', NOW(), NOW()),
       (2, 'منشأة القناطر', NOW(), NOW()),
       (2, 'أوسيم', NOW(), NOW()),
       (2, 'كرداسة', NOW(), NOW()),
       (2, 'أبو النمرس', NOW(), NOW()),
       (2, 'كفر غطاطي', NOW(), NOW()),
       (2, 'منشأة البكاري', NOW(), NOW()),
       (2, 'الدقى', NOW(), NOW()),
       (2, 'العجوزة', NOW(), NOW()),
       (2, 'الهرم', NOW(), NOW()),
       (2, 'الوراق', NOW(), NOW()),
       (2, 'امبابة', NOW(), NOW()),
       (2, 'بولاق الدكرور', NOW(), NOW()),
       (2, 'الواحات البحرية', NOW(), NOW()),
       (2, 'العمرانية', NOW(), NOW()),
       (2, 'المنيب', NOW(), NOW()),
       (2, 'بين السرايات', NOW(), NOW()),
       (2, 'الكيت كات', NOW(), NOW()),
       (2, 'المهندسين', NOW(), NOW()),
       (2, 'فيصل', NOW(), NOW()),
       (2, 'أبو رواش', NOW(), NOW()),
       (2, 'حدائق الأهرام', NOW(), NOW()),
       (2, 'الحرانية', NOW(), NOW()),
       (2, 'حدائق اكتوبر', NOW(), NOW()),
       (2, 'صفط اللبن', NOW(), NOW()),
       (2, 'القرية الذكية', NOW(), NOW()),
       (2, 'ارض اللواء', NOW(), NOW()),
       (3, 'ابو قير', NOW(), NOW()),
       (3, 'الابراهيمية', NOW(), NOW()),
       (3, 'الأزاريطة', NOW(), NOW()),
       (3, 'الانفوشى', NOW(), NOW()),
       (3, 'الدخيلة', NOW(), NOW()),
       (3, 'السيوف', NOW(), NOW()),
       (3, 'العامرية', NOW(), NOW()),
       (3, 'اللبان', NOW(), NOW()),
       (3, 'المفروزة', NOW(), NOW()),
       (3, 'المنتزه', NOW(), NOW()),
       (3, 'المنشية', NOW(), NOW()),
       (3, 'الناصرية', NOW(), NOW()),
       (3, 'امبروزو', NOW(), NOW()),
       (3, 'باب شرق', NOW(), NOW()),
       (3, 'برج العرب', NOW(), NOW()),
       (3, 'ستانلى', NOW(), NOW()),
       (3, 'سموحة', NOW(), NOW()),
       (3, 'سيدى بشر', NOW(), NOW()),
       (3, 'شدس', NOW(), NOW()),
       (3, 'غيط العنب', NOW(), NOW()),
       (3, 'فلمينج', NOW(), NOW()),
       (3, 'فيكتوريا', NOW(), NOW()),
       (3, 'كامب شيزار', NOW(), NOW()),
       (3, 'كرموز', NOW(), NOW()),
       (3, 'محطة الرمل', NOW(), NOW()),
       (3, 'مينا البصل', NOW(), NOW()),
       (3, 'العصافرة', NOW(), NOW()),
       (3, 'العجمي', NOW(), NOW()),
       (3, 'بكوس', NOW(), NOW()),
       (3, 'بولكلي', NOW(), NOW()),
       (3, 'كليوباترا', NOW(), NOW()),
       (3, 'جليم', NOW(), NOW()),
       (3, 'المعمورة', NOW(), NOW()),
       (3, 'المندرة', NOW(), NOW()),
       (3, 'محرم بك', NOW(), NOW()),
       (3, 'الشاطبي', NOW(), NOW()),
       (3, 'سيدي جابر', NOW(), NOW()),
       (3, 'الساحل الشمالي', NOW(), NOW()),
       (3, 'الحضرة', NOW(), NOW()),
       (3, 'العطارين', NOW(), NOW()),
       (3, 'سيدي كرير', NOW(), NOW()),
       (3, 'الجمرك', NOW(), NOW()),
       (3, 'المكس', NOW(), NOW()),
       (3, 'مارينا', NOW(), NOW()),
       (4, 'المنصورة', NOW(), NOW()),
       (4, 'طلخا', NOW(), NOW()),
       (4, 'ميت غمر', NOW(), NOW()),
       (4, 'دكرنس', NOW(), NOW()),
       (4, 'أجا', NOW(), NOW()),
       (4, 'منية النصر', NOW(), NOW()),
       (4, 'السنبلاوين', NOW(), NOW()),
       (4, 'الكردي', NOW(), NOW()),
       (4, 'بني عبيد', NOW(), NOW()),
       (4, 'المنزلة', NOW(), NOW()),
       (4, 'تمي الأمديد', NOW(), NOW()),
       (4, 'الجمالية', NOW(), NOW()),
       (4, 'شربين', NOW(), NOW()),
       (4, 'المطرية', NOW(), NOW()),
       (4, 'بلقاس', NOW(), NOW()),
       (4, 'ميت سلسيل', NOW(), NOW()),
       (4, 'جمصة', NOW(), NOW()),
       (4, 'محلة دمنة', NOW(), NOW()),
       (4, 'نبروه', NOW(), NOW()),
       (5, 'الغردقة', NOW(), NOW()),
       (5, 'رأس غارب', NOW(), NOW()),
       (5, 'سفاجا', NOW(), NOW()),
       (5, 'القصير', NOW(), NOW()),
       (5, 'مرسى علم', NOW(), NOW()),
       (5, 'الشلاتين', NOW(), NOW()),
       (5, 'حلايب', NOW(), NOW()),
       (5, 'الدهار', NOW(), NOW()),
       (6, 'دمنهور', NOW(), NOW()),
       (6, 'كفر الدوار', NOW(), NOW()),
       (6, 'رشيد', NOW(), NOW()),
       (6, 'إدكو', NOW(), NOW()),
       (6, 'أبو المطامير', NOW(), NOW()),
       (6, 'أبو حمص', NOW(), NOW()),
       (6, 'الدلنجات', NOW(), NOW()),
       (6, 'المحمودية', NOW(), NOW()),
       (6, 'الرحمانية', NOW(), NOW()),
       (6, 'إيتاي البارود', NOW(), NOW()),
       (6, 'حوش عيسى', NOW(), NOW()),
       (6, 'شبراخيت', NOW(), NOW()),
       (6, 'كوم حمادة', NOW(), NOW()),
       (6, 'بدر', NOW(), NOW()),
       (6, 'وادي النطرون', NOW(), NOW()),
       (6, 'النوبارية الجديدة', NOW(), NOW()),
       (6, 'النوبارية', NOW(), NOW()),
       (7, 'الفيوم', NOW(), NOW()),
       (7, 'الفيوم الجديدة', NOW(), NOW()),
       (7, 'طامية', NOW(), NOW()),
       (7, 'سنورس', NOW(), NOW()),
       (7, 'إطسا', NOW(), NOW()),
       (7, 'إبشواي', NOW(), NOW()),
       (7, 'يوسف الصديق', NOW(), NOW()),
       (7, 'الحادقة', NOW(), NOW()),
       (7, 'اطسا', NOW(), NOW()),
       (7, 'الجامعة', NOW(), NOW()),
       (7, 'السيالة', NOW(), NOW()),
       (8, 'طنطا', NOW(), NOW()),
       (8, 'المحلة الكبرى', NOW(), NOW()),
       (8, 'كفر الزيات', NOW(), NOW()),
       (8, 'زفتى', NOW(), NOW()),
       (8, 'السنطة', NOW(), NOW()),
       (8, 'قطور', NOW(), NOW()),
       (8, 'بسيون', NOW(), NOW()),
       (8, 'سمنود', NOW(), NOW()),
       (9, 'الإسماعيلية', NOW(), NOW()),
       (9, 'فايد', NOW(), NOW()),
       (9, 'القنطرة شرق', NOW(), NOW()),
       (9, 'القنطرة غرب', NOW(), NOW()),
       (9, 'التل الكبير', NOW(), NOW()),
       (9, 'أبو صوير', NOW(), NOW()),
       (9, 'القصاصين الجديدة', NOW(), NOW()),
       (9, 'نفيشة', NOW(), NOW()),
       (9, 'الشيخ زايد', NOW(), NOW()),
       (10, 'شبين الكوم', NOW(), NOW()),
       (10, 'مدينة السادات', NOW(), NOW()),
       (10, 'منوف', NOW(), NOW()),
       (10, 'سرس الليان', NOW(), NOW()),
       (10, 'أشمون', NOW(), NOW()),
       (10, 'الباجور', NOW(), NOW()),
       (10, 'قويسنا', NOW(), NOW()),
       (10, 'بركة السبع', NOW(), NOW()),
       (10, 'تلا', NOW(), NOW()),
       (10, 'الشهداء', NOW(), NOW()),
       (11, 'المنيا', NOW(), NOW()),
       (11, 'المنيا الجديدة', NOW(), NOW()),
       (11, 'العدوة', NOW(), NOW()),
       (11, 'مغاغة', NOW(), NOW()),
       (11, 'بني مزار', NOW(), NOW()),
       (11, 'مطاي', NOW(), NOW()),
       (11, 'سمالوط', NOW(), NOW()),
       (11, 'المدينة الفكرية', NOW(), NOW()),
       (11, 'ملوي', NOW(), NOW()),
       (11, 'دير مواس', NOW(), NOW()),
       (11, 'ابو قرقاص', NOW(), NOW()),
       (11, 'ارض سلطان', NOW(), NOW()),
       (12, 'بنها', NOW(), NOW()),
       (12, 'قليوب', NOW(), NOW()),
       (12, 'شبرا الخيمة', NOW(), NOW()),
       (12, 'القناطر الخيرية', NOW(), NOW()),
       (12, 'الخانكة', NOW(), NOW()),
       (12, 'كفر شكر', NOW(), NOW()),
       (12, 'طوخ', NOW(), NOW()),
       (12, 'قها', NOW(), NOW()),
       (12, 'العبور', NOW(), NOW()),
       (12, 'الخصوص', NOW(), NOW()),
       (12, 'شبين القناطر', NOW(), NOW()),
       (12, 'مسطرد', NOW(), NOW()),
       (13, 'الخارجة', NOW(), NOW()),
       (13, 'باريس', NOW(), NOW()),
       (13, 'موط', NOW(), NOW()),
       (13, 'الفرافرة', NOW(), NOW()),
       (13, 'بلاط', NOW(), NOW()),
       (13, 'الداخلة', NOW(), NOW()),
       (14, 'السويس', NOW(), NOW()),
       (14, 'الجناين', NOW(), NOW()),
       (14, 'عتاقة', NOW(), NOW()),
       (14, 'العين السخنة', NOW(), NOW()),
       (14, 'فيصل', NOW(), NOW()),
       (15, 'أسوان', NOW(), NOW()),
       (15, 'أسوان الجديدة', NOW(), NOW()),
       (15, 'دراو', NOW(), NOW()),
       (15, 'كوم أمبو', NOW(), NOW()),
       (15, 'نصر النوبة', NOW(), NOW()),
       (15, 'كلابشة', NOW(), NOW()),
       (15, 'إدفو', NOW(), NOW()),
       (15, 'الرديسية', NOW(), NOW()),
       (15, 'البصيلية', NOW(), NOW()),
       (15, 'السباعية', NOW(), NOW()),
       (15, 'ابوسمبل السياحية', NOW(), NOW()),
       (15, 'مرسى علم', NOW(), NOW()),
       (16, 'أسيوط', NOW(), NOW()),
       (16, 'أسيوط الجديدة', NOW(), NOW()),
       (16, 'ديروط', NOW(), NOW()),
       (16, 'منفلوط', NOW(), NOW()),
       (16, 'القوصية', NOW(), NOW()),
       (16, 'أبنوب', NOW(), NOW()),
       (16, 'أبو تيج', NOW(), NOW()),
       (16, 'الغنايم', NOW(), NOW()),
       (16, 'ساحل سليم', NOW(), NOW()),
       (16, 'البداري', NOW(), NOW()),
       (16, 'صدفا', NOW(), NOW()),
       (17, 'بني سويف', NOW(), NOW()),
       (17, 'بني سويف الجديدة', NOW(), NOW()),
       (17, 'الواسطى', NOW(), NOW()),
       (17, 'ناصر', NOW(), NOW()),
       (17, 'إهناسيا', NOW(), NOW()),
       (17, 'ببا', NOW(), NOW()),
       (17, 'الفشن', NOW(), NOW()),
       (17, 'سمسطا', NOW(), NOW()),
       (17, 'الاباصيرى', NOW(), NOW()),
       (17, 'مقبل', NOW(), NOW()),
       (18, 'بورسعيد', NOW(), NOW()),
       (18, 'بورفؤاد', NOW(), NOW()),
       (18, 'العرب', NOW(), NOW()),
       (18, 'حى الزهور', NOW(), NOW()),
       (18, 'حى الشرق', NOW(), NOW()),
       (18, 'حى الضواحى', NOW(), NOW()),
       (18, 'حى المناخ', NOW(), NOW()),
       (18, 'حى مبارك', NOW(), NOW()),
       (19, 'دمياط', NOW(), NOW()),
       (19, 'دمياط الجديدة', NOW(), NOW()),
       (19, 'رأس البر', NOW(), NOW()),
       (19, 'فارسكور', NOW(), NOW()),
       (19, 'الزرقا', NOW(), NOW()),
       (19, 'السرو', NOW(), NOW()),
       (19, 'الروضة', NOW(), NOW()),
       (19, 'كفر البطيخ', NOW(), NOW()),
       (19, 'عزبة البرج', NOW(), NOW()),
       (19, 'ميت أبو غالب', NOW(), NOW()),
       (19, 'كفر سعد', NOW(), NOW()),
       (20, 'الزقازيق', NOW(), NOW()),
       (20, 'العاشر من رمضان', NOW(), NOW()),
       (20, 'منيا القمح', NOW(), NOW()),
       (20, 'بلبيس', NOW(), NOW()),
       (20, 'مشتول السوق', NOW(), NOW()),
       (20, 'القنايات', NOW(), NOW()),
       (20, 'أبو حماد', NOW(), NOW()),
       (20, 'القرين', NOW(), NOW()),
       (20, 'ههيا', NOW(), NOW()),
       (20, 'أبو كبير', NOW(), NOW()),
       (20, 'فاقوس', NOW(), NOW()),
       (20, 'الصالحية الجديدة', NOW(), NOW()),
       (20, 'الإبراهيمية', NOW(), NOW()),
       (20, 'ديرب نجم', NOW(), NOW()),
       (20, 'كفر صقر', NOW(), NOW()),
       (20, 'أولاد صقر', NOW(), NOW()),
       (20, 'الحسينية', NOW(), NOW()),
       (20, 'صان الحجر القبلية', NOW(), NOW()),
       (20, 'منشأة أبو عمر', NOW(), NOW()),
       (21, 'الطور', NOW(), NOW()),
       (21, 'شرم الشيخ', NOW(), NOW()),
       (21, 'دهب', NOW(), NOW()),
       (21, 'نويبع', NOW(), NOW()),
       (21, 'طابا', NOW(), NOW()),
       (21, 'سانت كاترين', NOW(), NOW()),
       (21, 'أبو رديس', NOW(), NOW()),
       (21, 'أبو زنيمة', NOW(), NOW()),
       (21, 'رأس سدر', NOW(), NOW()),
       (22, 'كفر الشيخ', NOW(), NOW()),
       (22, 'وسط البلد كفر الشيخ', NOW(), NOW()),
       (22, 'دسوق', NOW(), NOW()),
       (22, 'فوه', NOW(), NOW()),
       (22, 'مطوبس', NOW(), NOW()),
       (22, 'برج البرلس', NOW(), NOW()),
       (22, 'بلطيم', NOW(), NOW()),
       (22, 'مصيف بلطيم', NOW(), NOW()),
       (22, 'الحامول', NOW(), NOW()),
       (22, 'بيلا', NOW(), NOW()),
       (22, 'الرياض', NOW(), NOW()),
       (22, 'سيدي سالم', NOW(), NOW()),
       (22, 'قلين', NOW(), NOW()),
       (22, 'سيدي غازي', NOW(), NOW()),
       (23, 'مرسى مطروح', NOW(), NOW()),
       (23, 'الحمام', NOW(), NOW()),
       (23, 'العلمين', NOW(), NOW()),
       (23, 'الضبعة', NOW(), NOW()),
       (23, 'النجيلة', NOW(), NOW()),
       (23, 'سيدي براني', NOW(), NOW()),
       (23, 'السلوم', NOW(), NOW()),
       (23, 'سيوة', NOW(), NOW()),
       (23, 'مارينا', NOW(), NOW()),
       (23, 'الساحل الشمالى', NOW(), NOW()),
       (24, 'الأقصر', NOW(), NOW()),
       (24, 'الأقصر الجديدة', NOW(), NOW()),
       (24, 'إسنا', NOW(), NOW()),
       (24, 'طيبة الجديدة', NOW(), NOW()),
       (24, 'الزينية', NOW(), NOW()),
       (24, 'البياضية', NOW(), NOW()),
       (24, 'القرنة', NOW(), NOW()),
       (24, 'أرمنت', NOW(), NOW()),
       (24, 'الطود', NOW(), NOW()),
       (25, 'قنا', NOW(), NOW()),
       (25, 'قنا الجديدة', NOW(), NOW()),
       (25, 'ابو طشت', NOW(), NOW()),
       (25, 'نجع حمادي', NOW(), NOW()),
       (25, 'دشنا', NOW(), NOW()),
       (25, 'الوقف', NOW(), NOW()),
       (25, 'قفط', NOW(), NOW()),
       (25, 'نقادة', NOW(), NOW()),
       (25, 'فرشوط', NOW(), NOW()),
       (25, 'قوص', NOW(), NOW()),
       (26, 'العريش', NOW(), NOW()),
       (26, 'الشيخ زويد', NOW(), NOW()),
       (26, 'نخل', NOW(), NOW()),
       (26, 'رفح', NOW(), NOW()),
       (26, 'بئر العبد', NOW(), NOW()),
       (26, 'الحسنة', NOW(), NOW()),
       (27, 'سوهاج', NOW(), NOW()),
       (27, 'سوهاج الجديدة', NOW(), NOW()),
       (27, 'أخميم', NOW(), NOW()),
       (27, 'أخميم الجديدة', NOW(), NOW()),
       (27, 'البلينا', NOW(), NOW()),
       (27, 'المراغة', NOW(), NOW()),
       (27, 'المنشأة', NOW(), NOW()),
       (27, 'دار السلام', NOW(), NOW()),
       (27, 'جرجا', NOW(), NOW()),
       (27, 'جهينة الغربية', NOW(), NOW()),
       (27, 'ساقلته', NOW(), NOW()),
       (27, 'طما', NOW(), NOW()),
       (27, 'طهطا', NOW(), NOW()),
       (27, 'الكوثر', NOW(), NOW());

insert into "role" (name, description, is_deleted)
values ('SUPER_ADMIN', 'super-admin', false),
       ('ADMIN', 'admin', false),
       ('USER', 'user', false);
